{
  "Index": {
    "GPT-5.5 (medium)": {
      "Codex": 0.5435866007518876,
      "Cursor CLI": 0.4608967068287653
    },
    "GPT-5.4 (medium)": {
      "Codex": 0.39051032599419666,
      "Cursor CLI": 0.3678955453149003
    },
    "Opus 4.7 (medium)": {
      "Claude Code": 0.4048094830281527,
      "Cursor CLI": 0.453564367352549,
      "Opencode": 0.4995702851826177
    }
  },
  "DeepSWE": {
    "GPT-5.5 (medium)": {
      "Codex": 0.566371681415929,
      "Cursor CLI": 0.371681415929204
    },
    "GPT-5.4 (medium)": {
      "Codex": 0.25,
      "Cursor CLI": 0.166666666666667
    },
    "Opus 4.7 (medium)": {
      "Claude Code": 0.274336283185841,
      "Cursor CLI": 0.315634218289086,
      "Opencode": 0.395280235988201
    }
  },
  "Terminal-Bench v2": {
    "GPT-5.5 (medium)": {
      "Codex": 0.757936507936508,
      "Cursor CLI": 0.734126984126984
    },
    "GPT-5.4 (medium)": {
      "Codex": 0.698412698412698,
      "Cursor CLI": 0.654761904761905
    },
    "Opus 4.7 (medium)": {
      "Claude Code": 0.714285714285714,
      "Cursor CLI": 0.706349206349206,
      "Opencode": 0.753968253968254
    }
  },
  "SWE-Atlas-QnA": {
    "GPT-5.5 (medium)": {
      "Codex": 0.306451612903226,
      "Cursor CLI": 0.276881720430108
    },
    "GPT-5.4 (medium)": {
      "Codex": 0.223118279569892,
      "Cursor CLI": 0.282258064516129
    },
    "Opus 4.7 (medium)": {
      "Claude Code": 0.225806451612903,
      "Cursor CLI": 0.338709677419355,
      "Opencode": 0.349462365591398
    }
  }
}