{
  "Index": {
    "Opus 4.7 (medium)": {
      "Claude Code": 0.5684927805191924,
      "Cursor CLI": 0.602084447101653,
      "Opencode": 0.6450943205982176
    },
    "GPT-5.4 (medium)": {
      "Codex": 0.7114227457117256,
      "Cursor CLI": 0.6881333072836661
    },
    "GPT-5.5 (medium)": {
      "Codex": 0.7050411052321743,
      "Cursor CLI": 0.6185271360402343
    }
  },
  "DeepSWE": {
    "Opus 4.7 (medium)": {
      "Claude Code": 0.274336283185841,
      "Cursor CLI": 0.315634218289085,
      "Opencode": 0.395280235988201
    },
    "GPT-5.5 (medium)": {
      "Codex": 0.566371681415929,
      "Cursor CLI": 0.371681415929203
    }
  },
  "Terminal-Bench v2": {
    "Opus 4.7 (medium)": {
      "Claude Code": 0.714285714285714,
      "Cursor CLI": 0.706349206349207,
      "Opencode": 0.75
    },
    "GPT-5.4 (medium)": {
      "Codex": 0.698412698412698,
      "Cursor CLI": 0.646825396825397
    },
    "GPT-5.5 (medium)": {
      "Codex": 0.757936507936508,
      "Cursor CLI": 0.734126984126984
    }
  },
  "SWE-Atlas-QnA": {
    "Opus 4.7 (medium)": {
      "Claude Code": 0.716856344086022,
      "Cursor CLI": 0.784269916666667,
      "Opencode": 0.790002725806452
    },
    "GPT-5.4 (medium)": {
      "Codex": 0.724432793010753,
      "Cursor CLI": 0.729441217741935
    },
    "GPT-5.5 (medium)": {
      "Codex": 0.790815126344086,
      "Cursor CLI": 0.749773008064516
    }
  }
}