{
  "Index": {
    "Opus 4.7 (medium)": {
      "Claude Code": 0.37523959055503453,
      "Cursor CLI": 0.4123457293597171,
      "Opencode": 0.45476741779910507
    },
    "GPT-5.4 (medium)": {
      "Codex": 0.35735620413039754,
      "Cursor CLI": 0.32578084997439855
    },
    "GPT-5.5 (medium)": {
      "Codex": 0.5041600774543965,
      "Cursor CLI": 0.4277425849649659
    }
  },
  "DeepSWE": {
    "Opus 4.7 (medium)": {
      "Claude Code": 0.274336283185841,
      "Cursor CLI": 0.315634218289085,
      "Opencode": 0.395280235988201
    },
    "GPT-5.4 (medium)": {
      "Codex": 0.25,
      "Cursor CLI": 0.166666666666667
    },
    "GPT-5.5 (medium)": {
      "Codex": 0.566371681415929,
      "Cursor CLI": 0.371681415929204
    }
  },
  "Terminal-Bench v2": {
    "Opus 4.7 (medium)": {
      "Claude Code": 0.714285714285714,
      "Cursor CLI": 0.706349206349206,
      "Opencode": 0.753968253968254
    },
    "GPT-5.4 (medium)": {
      "Codex": 0.698412698412698,
      "Cursor CLI": 0.654761904761905
    },
    "GPT-5.5 (medium)": {
      "Codex": 0.757936507936508,
      "Cursor CLI": 0.734126984126984
    }
  },
  "SWE-Atlas-QnA": {
    "Opus 4.7 (medium)": {
      "Claude Code": 0.13709677419354838,
      "Cursor CLI": 0.21505376344086022,
      "Opencode": 0.21505376344086022
    },
    "GPT-5.4 (medium)": {
      "Codex": 0.12365591397849462,
      "Cursor CLI": 0.15591397849462366
    },
    "GPT-5.5 (medium)": {
      "Codex": 0.1881720430107527,
      "Cursor CLI": 0.1774193548387097
    }
  }
}