{
  "Index": {
    "GPT-5.5 (medium)": {
      "Cursor CLI": 0.4277425849649656,
      "Codex": 0.5041600774543965
    },
    "GPT-5.4 (medium)": {
      "Cursor CLI": 0.32578084997439855,
      "Codex": 0.35735620413039754
    },
    "Opus 4.7 (medium)": {
      "Cursor CLI": 0.4123457293597171,
      "Claude Code": 0.37523959055503453,
      "Opencode": 0.45476741779910507
    }
  },
  "DeepSWE": {
    "GPT-5.5 (medium)": {
      "Cursor CLI": 0.371681415929203,
      "Codex": 0.566371681415929
    },
    "GPT-5.4 (medium)": {
      "Cursor CLI": 0.166666666666667,
      "Codex": 0.25
    },
    "Opus 4.7 (medium)": {
      "Cursor CLI": 0.315634218289085,
      "Claude Code": 0.274336283185841,
      "Opencode": 0.395280235988201
    }
  },
  "Terminal-Bench v2": {
    "GPT-5.5 (medium)": {
      "Cursor CLI": 0.734126984126984,
      "Codex": 0.757936507936508
    },
    "GPT-5.4 (medium)": {
      "Cursor CLI": 0.654761904761905,
      "Codex": 0.698412698412698
    },
    "Opus 4.7 (medium)": {
      "Cursor CLI": 0.706349206349206,
      "Claude Code": 0.714285714285714,
      "Opencode": 0.753968253968254
    }
  },
  "SWE-Atlas-QnA": {
    "GPT-5.5 (medium)": {
      "Cursor CLI": 0.1774193548387097,
      "Codex": 0.1881720430107527
    },
    "GPT-5.4 (medium)": {
      "Cursor CLI": 0.15591397849462366,
      "Codex": 0.12365591397849462
    },
    "Opus 4.7 (medium)": {
      "Cursor CLI": 0.21505376344086022,
      "Claude Code": 0.13709677419354838,
      "Opencode": 0.21505376344086022
    }
  }
}