{
  "Index": {
    "GLM-5.2": {
      "Claude Code": 0.4317779252895107
    },
    "DeepSeek V4 Pro (high)": {
      "Claude Code": 0.31440020420893977
    },
    "Opus 4.8 (max)": {
      "Claude Code": 0.6054088936618194
    },
    "Fable 5 (max) (with fallback)": {
      "Claude Code": 0.658470366292233
    },
    "GPT-5.6 Sol (max)": {
      "Codex": 0.6656984867090491
    },
    "Composer 2.5 Fast": {
      "Cursor CLI": 0.3819077223302173
    },
    "Gemini 3.1 Pro (high)": {
      "Gemini CLI": 0.30338470275666973
    },
    "Grok 4.5 (high)": {
      "Grok Build": 0.6443924859568593
    },
    "Kimi K3": {
      "Kimi Code CLI": 0.6133537089146563
    },
    "Muse Spark 1.1 (xhigh)": {
      "Opencode": 0.5354216416163317
    },
    "GPT-5.6 Sol (medium)": {
      "Codex": 0.606144468762225
    },
    "Qwen3.7 Plus (thinking)": {
      "Claude Code": 0.359697734519316
    },
    "GPT-5.6 Sol (high)": {
      "Codex": 0.6410963694006799
    },
    "GPT-5.5 (xhigh)": {
      "Codex": 0.614850913880317
    },
    "GPT-5.5 (medium)": {
      "Codex": 0.5435866007518876,
      "Cursor CLI": 0.460896706828765
    },
    "GPT-5.4 (medium)": {
      "Codex": 0.39051032599419666,
      "Cursor CLI": 0.3678955453149003
    },
    "Kimi K2.6": {
      "Claude Code": 0.326185265237506
    },
    "GLM-5.1": {
      "Claude Code": 0.36131539557174736
    },
    "Sonnet 4.6 (medium)": {
      "Claude Code": 0.3760597492398807
    },
    "Opus 4.8 (medium)": {
      "Claude Code": 0.5356028921544193
    },
    "Opus 4.7 (medium)": {
      "Claude Code": 0.4048094830281527,
      "Cursor CLI": 0.45356436735254935,
      "Opencode": 0.4995702851826177
    },
    "Opus 4.7 (max)": {
      "Claude Code": 0.503414307011224
    },
    "Opus 4.6 (medium)": {
      "Claude Code": 0.46473374295954895
    },
    "GPT-5.6 Sol (low)": {
      "Codex": 0.536056018499638
    },
    "GPT-5.6 Sol (none)": {
      "Codex": 0.4341743358300597
    },
    "GPT-5.6 Sol (xhigh)": {
      "Codex": 0.6509235470126135
    },
    "GPT-5.6 Terra (high)": {
      "Codex": 0.5579267279595571
    },
    "GPT-5.6 Terra (low)": {
      "Codex": 0.3672755174325257
    },
    "GPT-5.6 Terra (max)": {
      "Codex": 0.6228044140547706
    },
    "GPT-5.6 Terra (medium)": {
      "Codex": 0.47797654920121374
    },
    "GPT-5.6 Terra (none)": {
      "Codex": 0.23702812555224767
    },
    "GPT-5.6 Terra (xhigh)": {
      "Codex": 0.5707356657256744
    },
    "GPT-5.6 Luna (high)": {
      "Codex": 0.514166617577979
    },
    "GPT-5.6 Luna (low)": {
      "Codex": 0.2508341300804903
    },
    "GPT-5.6 Luna (max)": {
      "Codex": 0.5865981086506353
    },
    "GPT-5.6 Luna (medium)": {
      "Codex": 0.4240692407263916
    },
    "GPT-5.6 Luna (none)": {
      "Codex": 0.20421460365793798
    },
    "GPT-5.6 Luna (xhigh)": {
      "Codex": 0.5467014667699793
    },
    "Composer 2": {
      "Cursor CLI": 0.2747482505547023
    },
    "Composer 2.5": {
      "Cursor CLI": 0.3819077223302173
    }
  },
  "DeepSWE": {
    "GLM-5.2": {
      "Claude Code": 0.286135693215339
    },
    "DeepSeek V4 Pro (high)": {
      "Claude Code": 0.0855457227138643
    },
    "Opus 4.8 (max)": {
      "Claude Code": 0.557522123893805
    },
    "Fable 5 (max) (with fallback)": {
      "Claude Code": 0.660766961651917
    },
    "GPT-5.6 Sol (max)": {
      "Codex": 0.687315634218289
    },
    "Composer 2.5 Fast": {
      "Cursor CLI": 0.15929203539823
    },
    "Gemini 3.1 Pro (high)": {
      "Gemini CLI": 0.141592920353982
    },
    "Grok 4.5 (high)": {
      "Grok Build": 0.59882005899705
    },
    "Kimi K3": {
      "Kimi Code CLI": 0.63716814159292
    },
    "Muse Spark 1.1 (xhigh)": {
      "Opencode": 0.542772861356932
    },
    "GPT-5.6 Sol (medium)": {
      "Codex": 0.640117994100295
    },
    "Qwen3.7 Plus (thinking)": {
      "Claude Code": 0.191740412979351
    },
    "GPT-5.6 Sol (high)": {
      "Codex": 0.648967551622419
    },
    "GPT-5.5 (xhigh)": {
      "Codex": 0.643067846607669
    },
    "GPT-5.5 (medium)": {
      "Codex": 0.566371681415929,
      "Cursor CLI": 0.371681415929203
    },
    "GPT-5.4 (medium)": {
      "Codex": 0.25,
      "Cursor CLI": 0.166666666666667
    },
    "Kimi K2.6": {
      "Claude Code": 0.165191740412979
    },
    "GLM-5.1": {
      "Claude Code": 0.185840707964602
    },
    "Sonnet 4.6 (medium)": {
      "Claude Code": 0.289085545722714
    },
    "Opus 4.8 (medium)": {
      "Claude Code": 0.492625368731563
    },
    "Opus 4.7 (medium)": {
      "Claude Code": 0.274336283185841,
      "Cursor CLI": 0.315634218289086,
      "Opencode": 0.395280235988201
    },
    "Opus 4.7 (max)": {
      "Claude Code": 0.40117994100295
    },
    "GPT-5.6 Sol (low)": {
      "Codex": 0.533923303834808
    },
    "GPT-5.6 Sol (none)": {
      "Codex": 0.353982300884956
    },
    "GPT-5.6 Sol (xhigh)": {
      "Codex": 0.669616519174041
    },
    "GPT-5.6 Terra (high)": {
      "Codex": 0.604719764011799
    },
    "GPT-5.6 Terra (low)": {
      "Codex": 0.297935103244838
    },
    "GPT-5.6 Terra (max)": {
      "Codex": 0.669616519174041
    },
    "GPT-5.6 Terra (medium)": {
      "Codex": 0.457227138643068
    },
    "GPT-5.6 Terra (none)": {
      "Codex": 0.132743362831858
    },
    "GPT-5.6 Terra (xhigh)": {
      "Codex": 0.584070796460177
    },
    "GPT-5.6 Luna (high)": {
      "Codex": 0.533923303834808
    },
    "GPT-5.6 Luna (low)": {
      "Codex": 0.103244837758112
    },
    "GPT-5.6 Luna (max)": {
      "Codex": 0.634218289085546
    },
    "GPT-5.6 Luna (medium)": {
      "Codex": 0.365781710914454
    },
    "GPT-5.6 Luna (none)": {
      "Codex": 0.0648967551622419
    },
    "GPT-5.6 Luna (xhigh)": {
      "Codex": 0.566371681415929
    },
    "Composer 2.5": {
      "Cursor CLI": 0.15929203539823
    }
  },
  "Terminal-Bench v2": {
    "GLM-5.2": {
      "Claude Code": 0.718875502008032
    },
    "DeepSeek V4 Pro (high)": {
      "Claude Code": 0.658730158730159
    },
    "Opus 4.8 (max)": {
      "Claude Code": 0.793650793650793
    },
    "Fable 5 (max) (with fallback)": {
      "Claude Code": 0.825396825396825
    },
    "GPT-5.6 Sol (max)": {
      "Codex": 0.876984126984127
    },
    "Composer 2.5 Fast": {
      "Cursor CLI": 0.6746031746031745
    },
    "Gemini 3.1 Pro (high)": {
      "Gemini CLI": 0.682539682539683
    },
    "Grok 4.5 (high)": {
      "Grok Build": 0.853174603174603
    },
    "Kimi K3": {
      "Kimi Code CLI": 0.837301587301587
    },
    "Muse Spark 1.1 (xhigh)": {
      "Opencode": 0.73015873015873
    },
    "GPT-5.6 Sol (medium)": {
      "Codex": 0.777777777777778
    },
    "Qwen3.7 Plus (thinking)": {
      "Claude Code": 0.650793650793651
    },
    "GPT-5.6 Sol (high)": {
      "Codex": 0.825396825396825
    },
    "GPT-5.5 (xhigh)": {
      "Codex": 0.841269841269841
    },
    "GPT-5.5 (medium)": {
      "Codex": 0.757936507936508,
      "Cursor CLI": 0.734126984126984
    },
    "GPT-5.4 (medium)": {
      "Codex": 0.698412698412698,
      "Cursor CLI": 0.654761904761905
    },
    "Kimi K2.6": {
      "Claude Code": 0.654761904761905
    },
    "GLM-5.1": {
      "Claude Code": 0.650793650793651
    },
    "Sonnet 4.6 (medium)": {
      "Claude Code": 0.642857142857143
    },
    "Opus 4.8 (medium)": {
      "Claude Code": 0.753968253968254
    },
    "Opus 4.7 (medium)": {
      "Claude Code": 0.714285714285714,
      "Cursor CLI": 0.706349206349207,
      "Opencode": 0.753968253968254
    },
    "Opus 4.7 (max)": {
      "Claude Code": 0.738095238095238
    },
    "Opus 4.6 (medium)": {
      "Claude Code": 0.706349206349206
    },
    "GPT-5.6 Sol (low)": {
      "Codex": 0.73015873015873
    },
    "GPT-5.6 Sol (none)": {
      "Codex": 0.607142857142857
    },
    "GPT-5.6 Sol (xhigh)": {
      "Codex": 0.861111111111111
    },
    "GPT-5.6 Terra (high)": {
      "Codex": 0.759920634920635
    },
    "GPT-5.6 Terra (low)": {
      "Codex": 0.575396825396825
    },